"","anon_id","will_ct","goingto_ct","gender","birth_year","native_language","yrs_in_english_environment","yrs_of_english_learning"
"1","aa0",7,0,"Male",1984,"Spanish","none","none"
"2","aa1",40,0,"Male",1983,"Chinese","none","more than 5 years"
"3","aa2",20,2,"Male",1967,"Arabic","1-2 years","less than 1 year"
"4","aa3",3,1,"Unknown",NA,"Chinese","",""
"5","aa5",2,0,"Unknown",NA,"Chinese","",""
"6","aa8",1,23,"Female",1976,"Korean","1-2 years","more than 5 years"
"7","aa9",4,4,"Male",1987,"Korean","none","more than 5 years"
"8","ab1",1,0,"Male",NA,"Hebrew","",""
"9","ab2",11,0,"Female",NA,"Arabic","",""
"10","ab6",4,0,"Male",NA,"Chinese","",""
"11","ab8",22,0,"Male",1985,"Arabic","1-2 years","1-2 years"
"12","ac2",0,1,"Female",1981,"Arabic","less than 1 year","1-2 years"
"13","ac3",19,0,"Female",1983,"Chinese","less than 1 year","more than 5 years"
"14","ac4",0,0,"Female",1969,"Spanish","3-5 years","1-2 years"
"15","ac5",9,8,"Male",1986,"Korean","less than 1 year","more than 5 years"
"16","ac6",1,0,"Female",NA,"Arabic","",""
"17","ac7",21,3,"Male",1975,"Japanese","1-2 years","more than 5 years"
"18","ac8",18,6,"Male",1981,"Arabic","none","less than 1 year"
"19","ac9",2,0,"Female",NA,"Chinese","",""
"20","ad1",3,2,"Female",1988,"Korean","none","1-2 years"
"21","ad2",2,0,"Male",1985,"Italian","less than 1 year","more than 5 years"
"22","ad3",0,0,"Female",NA,"Portuguese","",""
"23","ad4",9,0,"Female",NA,"Arabic","",""
"24","ad5",3,1,"Male",1991,"Arabic","less than 1 year","1-2 years"
"25","ad7",16,0,"Unknown",NA,"Chinese","",""
"26","ad8",27,9,"Female",1980,"Japanese","none","more than 5 years"
"27","ad9",8,0,"Male",NA,"Arabic","",""
"28","ae0",6,2,"Unknown",NA,"Arabic","",""
"29","ae2",14,0,"Female",1979,"Chinese","less than 1 year","more than 5 years"
"30","ae3",41,8,"Female",1978,"Taiwanese","less than 1 year","more than 5 years"
"31","ae4",10,3,"Male",1989,"Spanish","less than 1 year","3-5 years"
"32","ae5",0,0,"Female",NA,"Arabic","",""
"33","ae9",35,1,"Male",NA,"Chinese","",""
"34","af0",31,6,"Male",1978,"Thai","less than 1 year","less than 1 year"
"35","af1",5,1,"Male",NA,"Korean","",""
"36","af2",26,4,"Male",1970,"Portuguese","none","less than 1 year"
"37","af3",91,13,"Female",1977,"Arabic","less than 1 year","less than 1 year"
"38","af4",1,0,"Female",1977,"Chinese","1-2 years","more than 5 years"
"39","af7",5,0,"Male",NA,"Japanese","",""
"40","ag0",2,0,"Female",1983,"Spanish","none","more than 5 years"
"41","ag2",0,0,"Female",NA,"Turkish","",""
"42","ag3",2,0,"Female",NA,"Korean","",""
"43","ag4",8,0,"Female",1985,"Chinese","1-2 years","more than 5 years"
"44","ag5",6,1,"Male",NA,"Arabic","",""
"45","ag6",11,1,"Female",1980,"Chinese","less than 1 year","more than 5 years"
"46","ag7",13,3,"Male",NA,"Arabic","",""
"47","ag8",0,3,"Female",1975,"Japanese","less than 1 year","3-5 years"
"48","ag9",34,12,"Female",1980,"Korean","none","more than 5 years"
"49","ah0",6,0,"Male",1972,"Japanese","1-2 years","more than 5 years"
"50","ah1",28,14,"Male",1983,"Thai","none","more than 5 years"
"51","ah4",6,2,"Male",1985,"Turkish","none","3-5 years"
"52","ah5",41,0,"Female",1976,"Portuguese","3-5 years","3-5 years"
"53","ah6",7,5,"Female",NA,"Korean","",""
"54","ah8",16,0,"Male",1979,"Other","more than 5 years","more than 5 years"
"55","ah9",14,7,"Female",1982,"Korean","none","less than 1 year"
"56","ai0",9,2,"Male",1983,"Korean","none","more than 5 years"
"57","ai1",74,4,"Female",1976,"Arabic","less than 1 year","less than 1 year"
"58","ai3",24,10,"Unknown",NA,"Chinese","",""
"59","ai4",0,0,"Female",1982,"Chinese","less than 1 year","more than 5 years"
"60","ai7",0,0,"Male",1990,"Arabic","1-2 years","1-2 years"
"61","aj0",0,0,"Male",NA,"Arabic","",""
"62","aj1",1,1,"Female",1985,"Taiwanese","less than 1 year","more than 5 years"
"63","aj3",4,0,"Unknown",NA,"Arabic","",""
"64","aj5",20,1,"Male",1977,"Arabic","1-2 years","less than 1 year"
"65","aj6",0,0,"Male",1983,"Arabic","1-2 years","less than 1 year"
"66","aj7",3,1,"Male",1976,"Spanish","less than 1 year","less than 1 year"
"67","aj8",1,2,"Male",1978,"Chinese","less than 1 year","more than 5 years"
"68","aj9",39,2,"Male",1982,"Italian","none","1-2 years"
"69","ak0",28,3,"Female",1984,"Arabic","less than 1 year","less than 1 year"
"70","ak1",6,0,"Male",NA,"Arabic","",""
"71","ak5",20,0,"Female",1979,"Chinese","less than 1 year","more than 5 years"
"72","ak7",1,0,"Male",NA,"Chinese","",""
"73","al0",25,1,"Male",1983,"Arabic","less than 1 year","1-2 years"
"74","al1",38,0,"Unknown",NA,"Arabic","",""
"75","al2",2,0,"Female",1985,"Japanese","less than 1 year","3-5 years"
"76","al5",38,4,"Male",1983,"Korean","less than 1 year","more than 5 years"
"77","al9",11,7,"Male",1987,"Arabic","none","more than 5 years"
"78","am0",11,0,"Female",NA,"Hindi","",""
"79","am1",44,3,"Female",1975,"Arabic","less than 1 year","more than 5 years"
"80","am2",2,0,"Female",NA,"Russian,Ukrainian","",""
"81","am3",2,0,"Unknown",NA,"Chinese","",""
"82","am5",2,0,"Male",NA,"Chinese","",""
"83","am6",5,0,"Female",1980,"Portuguese","less than 1 year","less than 1 year"
"84","am7",32,2,"Male",1983,"Arabic","more than 5 years","more than 5 years"
"85","am8",10,1,"Female",1982,"Thai","none","less than 1 year"
"86","am9",5,5,"Female",1972,"Japanese","less than 1 year","more than 5 years"
"87","an1",18,36,"Female",1982,"Turkish","less than 1 year","more than 5 years"
"88","an2",17,3,"Male",NA,"Arabic","",""
"89","an4",5,1,"Male",1979,"Korean","3-5 years","more than 5 years"
"90","an5",1,7,"Female",1989,"Korean","less than 1 year","more than 5 years"
"91","an7",4,0,"Unknown",NA,"Chinese","",""
"92","an9",14,2,"Female",1984,"Korean","none","more than 5 years"
"93","ao0",10,1,"Female",1980,"Japanese","less than 1 year","more than 5 years"
"94","ao1",23,5,"Male",NA,"Arabic","",""
"95","ao2",21,2,"Male",1987,"Arabic","less than 1 year","more than 5 years"
"96","ao3",0,0,"Male",NA,"Chinese","",""
"97","ao4",32,3,"Male",1985,"Arabic","more than 5 years","more than 5 years"
"98","ao5",0,1,"Male",NA,"Arabic","",""
"99","ao6",18,0,"Female",1988,"Korean","less than 1 year","less than 1 year"
"100","ao8",25,0,"Male",NA,"Arabic","",""
"101","ap0",1,0,"Male",1978,"Japanese","none","more than 5 years"
"102","ap2",0,0,"Male",NA,"Arabic","",""
"103","ap4",22,5,"Female",1977,"Korean","none","more than 5 years"
"104","ap5",14,1,"Female",1990,"Chinese","less than 1 year","more than 5 years"
"105","ap6",0,3,"Female",NA,"Chinese","",""
"106","ap7",9,0,"Female",NA,"Arabic","",""
"107","ap8",9,1,"Male",1986,"Chinese","none","3-5 years"
"108","aq0",3,0,"Female",NA,"Arabic","",""
"109","aq1",41,5,"Female",1969,"Chinese","less than 1 year","more than 5 years"
"110","aq2",9,3,"Male",1972,"Arabic","more than 5 years","1-2 years"
"111","aq4",3,1,"Female",NA,"Arabic","",""
"112","aq5",1,0,"Female",1961,"Korean","more than 5 years","more than 5 years"
"113","aq7",3,0,"Male",NA,"Arabic","",""
"114","aq9",5,0,"Male",1983,"Arabic","less than 1 year","1-2 years"
"115","ar0",15,0,"Female",1987,"Arabic","less than 1 year","more than 5 years"
"116","ar2",6,1,"Male",NA,"Arabic","",""
"117","ar5",2,0,"Female",1980,"Chinese","none","more than 5 years"
"118","ar8",14,1,"Female",1985,"Chinese","less than 1 year","3-5 years"
"119","ar9",29,0,"Male",1980,"Chinese","none","more than 5 years"
"120","as0",12,1,"Female",1984,"Korean","less than 1 year","more than 5 years"
"121","as1",4,1,"Female",NA,"Arabic","",""
"122","as2",2,0,"Male",NA,"Japanese","",""
"123","as4",45,6,"Male",1981,"Korean","none","3-5 years"
"124","as5",5,0,"Male",1978,"Chinese","none","more than 5 years"
"125","as7",8,7,"Female",1987,"Korean","none","more than 5 years"
"126","as8",11,0,"Female",NA,"Zulu","",""
"127","at1",7,1,"Female",1981,"Arabic","less than 1 year","more than 5 years"
"128","at2",9,0,"Female",1976,"Chinese","less than 1 year","more than 5 years"
"129","at3",11,2,"Female",1982,"Arabic","none","more than 5 years"
"130","at4",16,6,"Female",1979,"Japanese","1-2 years","more than 5 years"
"131","at6",0,0,"Female",NA,"Chinese","",""
"132","at7",4,0,"Male",NA,"Turkish","",""
"133","at8",0,0,"Female",1984,"Korean","none","more than 5 years"
"134","at9",0,2,"Male",NA,"Arabic","",""
"135","au2",1,0,"Female",1987,"Korean","less than 1 year","more than 5 years"
"136","au3",1,0,"Female",1974,"Chinese","3-5 years","3-5 years"
"137","au5",22,0,"Female",1989,"Korean","less than 1 year","more than 5 years"
"138","au6",44,1,"Male",1983,"Korean","more than 5 years","more than 5 years"
"139","au7",4,0,"Male",1984,"Arabic","1-2 years","1-2 years"
"140","au8",2,0,"Male",NA,"Arabic","",""
"141","au9",9,1,"Female",1978,"Japanese","less than 1 year","more than 5 years"
"142","av0",0,0,"Male",NA,"Portuguese","",""
"143","av4",5,1,"Unknown",NA,"French","",""
"144","av7",0,0,"Female",NA,"Arabic","",""
"145","av8",12,0,"Male",1981,"Chinese","none","more than 5 years"
"146","av9",0,0,"Female",NA,"Korean","",""
"147","aw2",34,0,"Male",1983,"Thai","less than 1 year","more than 5 years"
"148","aw3",0,0,"Male",NA,"Chinese","",""
"149","aw4",13,0,"Male",1989,"Arabic","less than 1 year","less than 1 year"
"150","aw5",1,0,"Female",NA,"Spanish","",""
"151","aw6",7,0,"Female",NA,"Korean","",""
"152","aw9",16,1,"Male",NA,"Arabic","",""
"153","ax0",3,3,"Male",NA,"Arabic","",""
"154","ax2",3,0,"Male",1982,"Thai","more than 5 years","more than 5 years"
"155","ax3",13,0,"Male",1986,"Arabic","less than 1 year","less than 1 year"
"156","ax4",7,0,"Male",1978,"Chinese","less than 1 year","3-5 years"
"157","ax5",4,2,"Male",1982,"Arabic","less than 1 year","less than 1 year"
"158","ax6",2,0,"Male",NA,"Spanish","",""
"159","ax7",1,0,"Male",1982,"Chinese","none","3-5 years"
"160","ax9",23,5,"Female",1980,"Russian","less than 1 year","less than 1 year"
"161","ay0",4,0,"Female",1967,"Japanese","less than 1 year","more than 5 years"
"162","ay1",41,25,"Male",1985,"Korean","3-5 years","3-5 years"
"163","ay2",4,0,"Female",NA,"Arabic","",""
"164","ay3",109,6,"Female",1978,"Japanese","less than 1 year","less than 1 year"
"165","ay4",7,6,"Female",1974,"English","3-5 years","1-2 years"
"166","ay7",22,4,"Female",1982,"Arabic","more than 5 years","more than 5 years"
"167","ay8",4,0,"Male",NA,"Arabic","",""
"168","az0",2,0,"Male",1979,"Korean","1-2 years","more than 5 years"
"169","az2",0,5,"Male",1982,"Korean","1-2 years","more than 5 years"
"170","az3",70,2,"Female",1979,"Taiwanese","none","more than 5 years"
"171","az4",32,1,"Female",1980,"Arabic","more than 5 years","more than 5 years"
"172","az5",4,2,"Male",1987,"Korean","none","1-2 years"
"173","az6",26,2,"Female",1981,"Arabic","more than 5 years","3-5 years"
"174","az8",12,1,"Female",1975,"Chinese","3-5 years","3-5 years"
"175","az9",15,1,"Male",1981,"Arabic","1-2 years","more than 5 years"
"176","ba0",25,0,"Male",NA,"Arabic","",""
"177","ba1",25,0,"Male",1980,"Arabic","3-5 years","less than 1 year"
"178","ba3",17,1,"Female",1980,"Chinese","3-5 years","more than 5 years"
"179","ba4",0,0,"Male",NA,"Arabic","",""
"180","ba5",0,0,"Male",NA,"Arabic","",""
"181","ba9",14,1,"Male",1984,"Arabic","less than 1 year","more than 5 years"
"182","bb0",4,1,"Female",1980,"Japanese","less than 1 year","more than 5 years"
"183","bb1",0,2,"Female",1967,"Japanese","less than 1 year","more than 5 years"
"184","bb4",11,0,"Female",1982,"Chinese","1-2 years","3-5 years"
"185","bb5",33,7,"Male",1982,"Taiwanese","less than 1 year","1-2 years"
"186","bb6",16,5,"Male",1985,"Other","none","1-2 years"
"187","bb9",24,2,"Male",NA,"Arabic","",""
"188","bc0",10,5,"Female",1974,"Korean","more than 5 years","more than 5 years"
"189","bc1",8,0,"Female",1974,"Arabic","1-2 years","less than 1 year"
"190","bc2",0,0,"Female",1973,"Japanese","1-2 years","more than 5 years"
"191","bc3",0,0,"Male",NA,"Arabic","",""
"192","bc4",10,11,"Male",1984,"Arabic","less than 1 year","3-5 years"
"193","bd0",5,0,"Male",1980,"Arabic","1-2 years","more than 5 years"
"194","bd1",0,0,"Female",1981,"Italian","none","3-5 years"
"195","bd3",59,2,"Male",1979,"Arabic","none","more than 5 years"
"196","bd4",14,3,"Male",NA,"Arabic","",""
"197","bd7",6,0,"Female",1978,"Chinese","less than 1 year","more than 5 years"
"198","bd8",0,0,"Male",NA,"Arabic","",""
"199","be1",6,0,"Female",1985,"Thai","less than 1 year","more than 5 years"
"200","be2",8,1,"Male",1957,"Korean","none","3-5 years"
"201","be4",2,0,"Male",NA,"Chinese","",""
"202","be7",19,3,"Male",1985,"Korean","more than 5 years","more than 5 years"
"203","be8",3,0,"Female",1987,"Thai","more than 5 years","more than 5 years"
"204","bf0",16,2,"Male",1986,"Arabic","less than 1 year","1-2 years"
"205","bf1",2,0,"Male",NA,"Korean","",""
"206","bf2",13,0,"Male",1989,"Chinese","1-2 years","more than 5 years"
"207","bf3",0,0,"Female",NA,"Arabic","",""
"208","bf5",13,2,"Female",1970,"Polish","1-2 years","1-2 years"
"209","bf7",12,2,"Unknown",NA,"Chinese","",""
"210","bf8",17,0,"Male",1982,"Thai","less than 1 year","more than 5 years"
"211","bf9",46,1,"Female",1989,"Chinese","less than 1 year","3-5 years"
"212","bg0",1,0,"Male",1986,"Arabic","3-5 years","3-5 years"
"213","bg1",2,0,"Female",1976,"Korean","more than 5 years","more than 5 years"
"214","bg2",4,0,"Female",NA,"Arabic","",""
"215","bg3",12,2,"Female",1986,"Korean","1-2 years","more than 5 years"
"216","bg5",0,0,"Male",1967,"Turkish","less than 1 year","1-2 years"
"217","bg6",0,0,"Male",NA,"Polish","",""
"218","bg7",20,3,"Female",1978,"Taiwanese","less than 1 year","more than 5 years"
"219","bh0",4,0,"Male",NA,"Korean","",""
"220","bh1",2,1,"Male",1985,"Arabic","more than 5 years","more than 5 years"
"221","bh2",22,0,"Male",1987,"Arabic","less than 1 year","1-2 years"
"222","bh3",14,0,"Female",NA,"Arabic","",""
"223","bh4",1,0,"Male",1985,"Japanese","less than 1 year","more than 5 years"
"224","bh7",8,2,"Female",NA,"Japanese","",""
"225","bh8",11,0,"Male",NA,"Japanese","",""
"226","bh9",12,4,"Male",1985,"Vietnamese","less than 1 year","more than 5 years"
"227","bi0",13,1,"Male",NA,"Arabic","",""
"228","bi1",2,0,"Female",1981,"Korean","none","more than 5 years"
"229","bi3",70,7,"Female",1987,"Arabic","less than 1 year","3-5 years"
"230","bi4",17,0,"Male",1985,"Spanish","less than 1 year","less than 1 year"
"231","bi5",102,9,"Male",1982,"Arabic","more than 5 years","1-2 years"
"232","bi6",79,18,"Male",1986,"Arabic","less than 1 year","more than 5 years"
"233","bi7",0,0,"Male",NA,"Arabic","",""
"234","bi8",6,1,"Female",1977,"Chinese","1-2 years","1-2 years"
"235","bi9",22,5,"Unknown",NA,"Chinese","",""
"236","bj0",1,0,"Female",1968,"Chinese","1-2 years","more than 5 years"
"237","bj1",3,0,"Male",NA,"Arabic","",""
"238","bj2",24,0,"Male",1978,"Spanish","less than 1 year","less than 1 year"
"239","bj4",6,0,"Female",1975,"Turkish","less than 1 year","1-2 years"
"240","bj6",74,9,"Male",1986,"Arabic","1-2 years","less than 1 year"
"241","bj8",13,0,"Female",NA,"Arabic","",""
"242","bj9",1,0,"Male",NA,"Farsi","",""
"243","bk0",4,0,"Female",1984,"Vietnamese","less than 1 year","more than 5 years"
"244","bk2",9,1,"Female",1976,"Russian","less than 1 year","less than 1 year"
"245","bk5",3,1,"Male",NA,"Arabic","",""
"246","bk7",19,0,"Male",NA,"Arabic","",""
"247","bk8",8,7,"Male",1970,"Chinese","1-2 years","more than 5 years"
"248","bl0",3,0,"Male",NA,"Indonesian","",""
"249","bl2",34,1,"Female",1985,"Thai","less than 1 year","more than 5 years"
"250","bl3",3,3,"Female",NA,"Spanish","",""
"251","bl4",18,4,"Female",1984,"Chinese","3-5 years","more than 5 years"
"252","bl5",0,0,"Male",1980,"Arabic","more than 5 years","more than 5 years"
"253","bl6",3,1,"Male",1989,"Japanese","less than 1 year","3-5 years"
"254","bl7",81,6,"Female",1979,"Chinese","less than 1 year","more than 5 years"
"255","bl8",3,1,"Female",1979,"Korean","less than 1 year","more than 5 years"
"256","bl9",7,1,"Female",NA,"Thai","",""
"257","bm0",6,0,"Male",NA,"Korean","",""
"258","bm1",5,0,"Female",NA,"Romanian","",""
"259","bm3",4,0,"Male",1984,"Korean","less than 1 year","more than 5 years"
"260","bm4",7,3,"Female",1970,"Chinese","3-5 years","more than 5 years"
"261","bm5",20,0,"Male",1972,"Other","more than 5 years","more than 5 years"
"262","bm6",54,16,"Male",1988,"Arabic","1-2 years","1-2 years"
"263","bm7",25,1,"Female",1975,"Portuguese","none","3-5 years"
"264","bm8",14,2,"Male",1980,"Arabic","none","1-2 years"
"265","bm9",17,1,"Female",1982,"Chinese","less than 1 year","more than 5 years"
"266","bn1",0,0,"Unknown",NA,"Chinese","",""
"267","bn3",0,0,"Female",NA,"Japanese","",""
"268","bn5",21,2,"Male",1968,"Arabic","more than 5 years","more than 5 years"
"269","bn6",12,2,"Male",1986,"Arabic","1-2 years","more than 5 years"
"270","bn7",92,11,"Male",1990,"Arabic","none","more than 5 years"
"271","bo0",20,2,"Female",1978,"Korean","none","1-2 years"
"272","bo1",0,0,"Male",NA,"Chinese","",""
"273","bo4",7,4,"Male",1984,"Korean","less than 1 year","more than 5 years"
"274","bo5",0,2,"Female",NA,"Turkish","",""
"275","bo8",2,0,"Female",1975,"Chinese","none","more than 5 years"
"276","bo9",1,0,"Male",NA,"Chinese","",""
"277","bp2",21,8,"Female",1982,"Chinese","1-2 years","more than 5 years"
"278","bp4",26,0,"Male",NA,"Chinese","",""
"279","bp5",24,0,"Female",NA,"Chinese","",""
"280","bp6",0,0,"Female",1977,"Korean","1-2 years","more than 5 years"
"281","bp8",26,7,"Female",1981,"Arabic","none","more than 5 years"
"282","bp9",0,1,"Male",1982,"Korean","less than 1 year","more than 5 years"
"283","bq0",11,8,"Female",1987,"Korean","less than 1 year","more than 5 years"
"284","bq3",7,0,"Male",1976,"Arabic","none","more than 5 years"
"285","bq4",3,0,"Male",NA,"Arabic","",""
"286","bq6",0,0,"Male",1986,"Arabic","none","3-5 years"
"287","bq8",19,0,"Male",1984,"Korean","less than 1 year","1-2 years"
"288","bq9",0,0,"Female",NA,"Korean","",""
"289","br1",2,0,"Male",NA,"Arabic","",""
"290","br2",4,3,"Female",1984,"Spanish","3-5 years","less than 1 year"
"291","br3",3,0,"Male",1977,"Arabic","more than 5 years","more than 5 years"
"292","br4",14,1,"Female",1985,"Arabic","less than 1 year","more than 5 years"
"293","br5",21,11,"Male",1981,"Korean","less than 1 year","less than 1 year"
"294","br6",8,2,"Female",1982,"Arabic","1-2 years","more than 5 years"
"295","br7",31,1,"Female",1981,"Chinese","1-2 years","more than 5 years"
"296","br8",10,17,"Male",1983,"Arabic","none","less than 1 year"
"297","br9",3,1,"Female",1981,"Chinese","less than 1 year","more than 5 years"
"298","bs0",9,1,"Female",1985,"Korean","less than 1 year","more than 5 years"
"299","bs1",19,2,"Female",1975,"Japanese","less than 1 year","less than 1 year"
"300","bs2",10,0,"Male",NA,"Arabic","",""
"301","bs3",3,0,"Female",1965,"Korean","less than 1 year","more than 5 years"
"302","bs5",8,1,"Male",1984,"Arabic","less than 1 year","less than 1 year"
"303","bs6",3,0,"Male",NA,"Arabic","",""
"304","bs8",3,1,"Female",1987,"Turkish","1-2 years","1-2 years"
"305","bs9",16,0,"Male",1966,"Arabic","less than 1 year","less than 1 year"
"306","bt1",1,3,"Female",1983,"Korean","none","more than 5 years"
"307","bt2",4,6,"Male",1987,"Arabic","less than 1 year","more than 5 years"
"308","bt7",10,1,"Male",1991,"Arabic","none","less than 1 year"
"309","bt8",6,8,"Female",1972,"Spanish","none","3-5 years"
"310","bu0",3,1,"Male",NA,"Korean","",""
"311","bu1",47,18,"Female",1981,"Japanese","more than 5 years","more than 5 years"
"312","bu3",7,0,"Male",1979,"Thai","3-5 years","3-5 years"
"313","bu4",19,6,"Female",1976,"Korean","less than 1 year","more than 5 years"
"314","bu6",5,1,"Unknown",NA,"Chinese","",""
"315","bu8",1,5,"Female",NA,"Arabic","",""
"316","bu9",15,7,"Female",1969,"Chinese","less than 1 year","more than 5 years"
"317","bv0",7,2,"Female",NA,"Arabic","",""
"318","bv1",33,5,"Male",1977,"Arabic","less than 1 year","less than 1 year"
"319","bv2",15,2,"Male",1985,"Arabic","1-2 years","more than 5 years"
"320","bv4",21,4,"Female",1982,"Arabic","none","more than 5 years"
"321","bv5",7,3,"Male",1985,"Arabic","none","more than 5 years"
"322","bv8",5,0,"Unknown",NA,"Chinese","",""
"323","bv9",30,4,"Male",1986,"Korean","less than 1 year","3-5 years"
"324","bw1",8,3,"Female",NA,"Turkish","",""
"325","bw2",31,0,"Male",1986,"Arabic","less than 1 year","less than 1 year"
"326","bw3",16,4,"Female",1986,"Korean","1-2 years","more than 5 years"
"327","bw4",11,0,"Male",1991,"Arabic","less than 1 year","3-5 years"
"328","bw5",17,0,"Male",1977,"Arabic","3-5 years","more than 5 years"
"329","bw6",4,0,"Male",1984,"Arabic","1-2 years","less than 1 year"
"330","bw9",13,0,"Male",NA,"Chinese","",""
"331","bx3",11,3,"Male",1984,"Korean","less than 1 year","3-5 years"
"332","bx4",0,0,"Female",1984,"Chinese","less than 1 year","more than 5 years"
"333","bx5",29,13,"Male",1983,"Arabic","less than 1 year","less than 1 year"
"334","bx6",2,0,"Male",NA,"Arabic","",""
"335","bx9",4,0,"Male",NA,"Arabic","",""
"336","by1",2,1,"Male",1987,"Arabic","3-5 years","more than 5 years"
"337","by2",0,0,"Male",1988,"Chinese","none","more than 5 years"
"338","by3",19,8,"Male",1987,"Thai","none","more than 5 years"
"339","by4",0,0,"Male",NA,"Arabic","",""
"340","by5",2,0,"Female",1989,"Chinese","less than 1 year","more than 5 years"
"341","by6",20,7,"Male",1981,"Chinese","less than 1 year","3-5 years"
"342","by8",3,0,"Male",NA,"Arabic","",""
"343","by9",8,2,"Female",1979,"Italian","none","more than 5 years"
"344","bz1",48,1,"Male",1977,"Chinese","none","more than 5 years"
"345","bz2",25,4,"Female",1989,"Chinese","none","more than 5 years"
"346","bz3",0,1,"Male",NA,"Arabic","",""
"347","bz5",10,1,"Male",1974,"Korean","less than 1 year","less than 1 year"
"348","bz9",28,7,"Male",1983,"Arabic","less than 1 year","1-2 years"
"349","ca0",6,1,"Female",1982,"Thai","1-2 years","more than 5 years"
"350","ca4",111,0,"Male",1968,"Chinese","1-2 years","more than 5 years"
"351","ca5",31,17,"Male",1997,"Arabic","less than 1 year","more than 5 years"
"352","ca6",11,1,"Male",1984,"Korean","1-2 years","1-2 years"
"353","ca7",4,0,"Male",1989,"Chinese","1-2 years","more than 5 years"
"354","ca8",0,0,"Female",NA,"Korean","",""
"355","ca9",0,0,"Female",1978,"Korean","less than 1 year","less than 1 year"
"356","cb0",19,0,"Female",1970,"Chinese","3-5 years","3-5 years"
"357","cb1",1,0,"Male",1982,"Arabic","3-5 years","more than 5 years"
"358","cb2",6,0,"Female",1979,"Japanese","none","more than 5 years"
"359","cb3",23,8,"Male",1984,"Chinese","more than 5 years","more than 5 years"
"360","cb5",33,2,"Male",1983,"Vietnamese","less than 1 year","3-5 years"
"361","cb7",2,1,"Female",1978,"German","less than 1 year","3-5 years"
"362","cb8",154,20,"Male",1987,"Arabic","none","3-5 years"
"363","cb9",18,4,"Male",1987,"Arabic","less than 1 year","more than 5 years"
"364","cc1",8,1,"Unknown",NA,"Chinese","",""
"365","cc4",48,7,"Male",1984,"Korean","less than 1 year","1-2 years"
"366","cc6",6,1,"Female",NA,"Arabic","",""
"367","cc7",2,0,"Female",1978,"Thai","none","more than 5 years"
"368","cd2",24,1,"Female",1985,"Chinese","more than 5 years","more than 5 years"
"369","cd3",5,2,"Male",1984,"Korean","less than 1 year","more than 5 years"
"370","cd4",1,0,"Male",NA,"Chinese","",""
"371","cd6",17,0,"Female",1982,"Chinese","none","more than 5 years"
"372","cd8",2,1,"Male",NA,"Arabic","",""
"373","ce1",0,1,"Female",NA,"Montenegrin","",""
"374","ce2",38,17,"Male",1990,"Arabic","less than 1 year","more than 5 years"
"375","ce3",18,1,"Female",1980,"Korean","more than 5 years","more than 5 years"
"376","ce6",3,0,"Female",NA,"Arabic","",""
"377","ce7",17,3,"Male",1980,"Arabic","none","more than 5 years"
"378","ce8",1,0,"Male",1984,"Korean","less than 1 year","3-5 years"
"379","cf0",17,1,"Male",1992,"Chinese","less than 1 year","3-5 years"
"380","cf1",3,0,"Male",NA,"Korean","",""
"381","cf2",10,0,"Male",1983,"Thai","less than 1 year","3-5 years"
"382","cf3",2,0,"Female",NA,"Thai","",""
"383","cf6",5,1,"Female",NA,"Korean","",""
"384","cf7",3,1,"Female",NA,"Arabic","",""
"385","cf9",12,1,"Female",NA,"Chinese","",""
"386","cg1",15,1,"Unknown",NA,"Chinese","",""
"387","cg2",9,2,"Unknown",NA,"Chinese","",""
"388","cg3",28,1,"Female",NA,"Japanese","",""
"389","cg6",7,0,"Male",1971,"Arabic","3-5 years","more than 5 years"
"390","cg8",0,0,"Female",1968,"French","3-5 years","less than 1 year"
"391","cg9",3,1,"Female",1979,"Arabic","3-5 years","1-2 years"
"392","ch0",12,0,"Female",1976,"Spanish","less than 1 year","less than 1 year"
"393","ch1",15,8,"Female",1976,"Turkish","none","less than 1 year"
"394","ch2",16,3,"Female",NA,"Korean","",""
"395","ch4",14,0,"Female",1958,"Arabic","3-5 years","more than 5 years"
"396","ch5",4,1,"Male",NA,"Arabic","",""
"397","ch7",0,0,"Male",1985,"Arabic","1-2 years","none"
"398","ch9",1,1,"Male",NA,"Korean","",""
"399","ci0",30,0,"Female",1986,"Korean","less than 1 year","more than 5 years"
"400","ci1",6,2,"Male",NA,"Arabic","",""
"401","ci2",23,0,"Male",1976,"Chinese","less than 1 year","more than 5 years"
"402","ci3",31,1,"Female",1981,"Taiwanese","less than 1 year","more than 5 years"
"403","ci4",8,1,"Female",1993,"Spanish","less than 1 year","more than 5 years"
"404","ci5",42,3,"Male",1980,"Arabic","1-2 years","3-5 years"
"405","ci6",15,10,"Female",1980,"Thai","less than 1 year","less than 1 year"
"406","ci7",0,0,"Male",1982,"Arabic","none","3-5 years"
"407","ci9",10,1,"Female",1969,"Chinese","more than 5 years","more than 5 years"
"408","cj2",21,0,"Male",NA,"Arabic","",""
"409","cj3",13,2,"Male",NA,"Arabic","",""
"410","cj5",38,2,"Female",19,"Chinese","less than 1 year","more than 5 years"
"411","cj7",4,0,"Male",1985,"Arabic","less than 1 year","less than 1 year"
"412","cj8",62,9,"Male",1983,"Korean","less than 1 year","more than 5 years"
"413","ck0",4,1,"Male",NA,"Korean","",""
"414","ck1",9,0,"Male",1992,"Arabic","none","more than 5 years"
"415","ck2",13,0,"Female",1958,"Arabic","3-5 years","more than 5 years"
"416","ck3",9,0,"Male",1982,"Chinese","less than 1 year","more than 5 years"
"417","ck4",64,4,"Male",1984,"Arabic","more than 5 years","1-2 years"
"418","ck6",9,0,"Male",1987,"French","less than 1 year","more than 5 years"
"419","ck7",2,0,"Male",NA,"Japanese","",""
"420","ck9",42,5,"Male",1984,"Chinese","none","more than 5 years"
"421","cl1",52,1,"Male",1982,"Arabic","3-5 years","1-2 years"
"422","cl2",6,0,"Male",1983,"Chinese","less than 1 year","more than 5 years"
"423","cl3",8,1,"Male",NA,"Chinese","",""
"424","cl4",7,1,"Male",1986,"Arabic","less than 1 year","more than 5 years"
"425","cl5",18,0,"Male",1987,"Arabic","less than 1 year","less than 1 year"
"426","cl6",11,7,"Female",1985,"Chinese","more than 5 years","more than 5 years"
"427","cl7",15,0,"Female",NA,"Arabic","",""
"428","cl9",11,0,"Female",NA,"Suundi","",""
"429","cm2",8,6,"Male",1981,"Arabic","none","none"
"430","cm4",3,0,"Male",NA,"Arabic","",""
"431","cm7",10,5,"Male",1983,"Arabic","less than 1 year","less than 1 year"
"432","cm8",77,7,"Female",1983,"Russian","less than 1 year","1-2 years"
"433","cm9",5,9,"Female",NA,"Spanish","",""
"434","cn0",20,4,"Male",1984,"Arabic","less than 1 year","1-2 years"
"435","cn1",16,0,"Female",1985,"Spanish","less than 1 year","more than 5 years"
"436","cn2",0,0,"Female",1978,"Turkish","1-2 years","1-2 years"
"437","cn3",11,3,"Female",1976,"Korean","none","more than 5 years"
"438","cn4",71,4,"Male",1978,"Thai","none","more than 5 years"
"439","cn7",2,1,"Male",1978,"Arabic","more than 5 years","none"
"440","cn8",0,0,"Female",NA,"Russian","",""
"441","cn9",10,1,"Male",1967,"Spanish","1-2 years","less than 1 year"
"442","co0",91,3,"Male",1977,"Arabic","3-5 years","1-2 years"
"443","co1",6,7,"Male",1979,"Turkish","none","none"
"444","co2",11,3,"Male",1979,"Japanese","1-2 years","1-2 years"
"445","co4",129,6,"Male",1978,"Arabic","none","more than 5 years"
"446","co5",39,3,"Female",1988,"Korean","less than 1 year","more than 5 years"
"447","co8",109,0,"Male",NA,"Arabic","",""
"448","co9",0,0,"Male",NA,"Arabic","",""
"449","cp0",11,0,"Male",1983,"Korean","less than 1 year","3-5 years"
"450","cp2",8,1,"Female",1976,"Japanese","1-2 years","more than 5 years"
"451","cp3",1,0,"Unknown",NA,"Arabic","",""
"452","cp4",4,3,"Male",NA,"Arabic","",""
"453","cp5",62,3,"Male",1984,"Arabic","more than 5 years","more than 5 years"
"454","cp6",43,3,"Male",1990,"Arabic","less than 1 year","more than 5 years"
"455","cp7",3,0,"Male",NA,"Italian","",""
"456","cp8",8,4,"Male",1979,"Turkish","none","1-2 years"
"457","cq0",1,1,"Male",1985,"Korean","none","more than 5 years"
"458","cq1",2,0,"Female",NA,"Spanish","",""
"459","cq2",2,0,"Unknown",NA,"Chinese","",""
"460","cq4",27,1,"Female",1973,"Arabic","more than 5 years","more than 5 years"
"461","cq6",2,0,"Male",1953,"Spanish","less than 1 year","less than 1 year"
"462","cq8",0,0,"Female",NA,"Arabic","",""
"463","cq9",0,0,"Male",NA,"Chinese","",""
"464","cr1",21,1,"Male",1974,"Arabic","none","less than 1 year"
"465","cr3",5,0,"Male",1988,"Portuguese","none","3-5 years"
"466","cr4",4,1,"Unknown",NA,"Arabic","",""
"467","cr8",10,3,"Male",1988,"Arabic","less than 1 year","less than 1 year"
"468","cr9",3,0,"Male",NA,"Arabic","",""
"469","cs0",24,1,"Male",1983,"Arabic","more than 5 years","more than 5 years"
"470","cs1",37,1,"Male",1982,"Thai","none","more than 5 years"
"471","cs3",8,0,"Male",1977,"Japanese","less than 1 year","more than 5 years"
"472","cs4",7,1,"Male",1970,"Chinese","more than 5 years","more than 5 years"
"473","cs5",65,3,"Male",1989,"Chinese","1-2 years","3-5 years"
"474","cs6",1,4,"Male",1986,"Arabic","more than 5 years","1-2 years"
"475","cs7",71,4,"Female",1988,"Arabic","less than 1 year","more than 5 years"
"476","cs8",7,0,"Male",1963,"Other","1-2 years","1-2 years"
"477","cs9",7,1,"Male",1976,"Korean","more than 5 years","more than 5 years"
"478","ct0",21,0,"Male",NA,"Chinese","",""
"479","ct1",9,0,"Female",1973,"Other","3-5 years","more than 5 years"
"480","ct4",12,4,"Male",1981,"Arabic","less than 1 year","1-2 years"
"481","ct5",0,1,"Female",NA,"Korean","",""
"482","ct9",2,0,"Female",1972,"Turkish","more than 5 years","1-2 years"
"483","cu0",8,0,"Male",NA,"Arabic","",""
"484","cu1",13,1,"Male",1986,"Arabic","more than 5 years","more than 5 years"
"485","cu2",35,3,"Unknown",NA,"Spanish","",""
"486","cu4",13,1,"Male",1987,"Arabic","less than 1 year","3-5 years"
"487","cu6",33,3,"Female",1988,"Arabic","1-2 years","3-5 years"
"488","cu8",25,0,"Female",1991,"Chinese","1-2 years","3-5 years"
"489","cu9",15,1,"Unknown",NA,"Chinese","",""
"490","cv1",6,2,"Male",NA,"Arabic","",""
"491","cv2",9,1,"Male",NA,"Arabic","",""
"492","cv3",2,0,"Female",1991,"Korean","less than 1 year","more than 5 years"
"493","cv5",16,2,"Male",1976,"Arabic","less than 1 year","1-2 years"
"494","cv7",10,4,"Female",1978,"Spanish","none","3-5 years"
"495","cv8",2,0,"Male",1985,"Arabic","more than 5 years","more than 5 years"
"496","cw0",46,1,"Female",1976,"Korean","less than 1 year","more than 5 years"
"497","cw1",3,0,"Female",1982,"Korean","1-2 years","more than 5 years"
"498","cw2",17,4,"Female",1983,"Spanish","less than 1 year","less than 1 year"
"499","cw4",1,0,"Male",NA,"Arabic","",""
"500","cw6",7,0,"Male",1986,"Korean","none","3-5 years"
"501","cw7",2,0,"Male",1986,"Arabic","more than 5 years","1-2 years"
"502","cw8",2,0,"Male",NA,"Chinese","",""
"503","cw9",40,0,"Male",1981,"Chinese","1-2 years","1-2 years"
"504","cx0",40,0,"Female",1984,"Chinese","less than 1 year","more than 5 years"
"505","cx4",40,1,"Female",1979,"Japanese","none","more than 5 years"
"506","cx5",0,0,"Male",NA,"Chinese","",""
"507","cx6",2,0,"Male",1985,"Arabic","1-2 years","more than 5 years"
"508","cx8",13,0,"Female",NA,"Italian","",""
"509","cx9",3,0,"Male",NA,"Spanish","",""
"510","cy1",0,0,"Male",NA,"Arabic","",""
"511","cy2",21,0,"Male",1988,"Arabic","less than 1 year","less than 1 year"
"512","cy3",16,0,"Male",1984,"Arabic","none","3-5 years"
"513","cy5",6,0,"Female",1957,"Korean","less than 1 year","more than 5 years"
"514","cy6",6,3,"Female",1979,"Spanish","1-2 years","1-2 years"
"515","cy7",2,0,"Female",NA,"Korean","",""
"516","cz2",12,1,"Male",1986,"Chinese","less than 1 year","more than 5 years"
"517","cz3",6,1,"Female",NA,"Korean","",""
"518","cz4",34,2,"Female",1975,"Chinese","1-2 years","more than 5 years"
"519","cz6",5,0,"Male",1990,"Arabic","1-2 years","1-2 years"
"520","cz7",12,1,"Male",1987,"Arabic","less than 1 year","more than 5 years"
"521","cz8",12,0,"Male",NA,"Arabic","",""
"522","cz9",32,0,"Male",1982,"Arabic","3-5 years","3-5 years"
"523","da0",8,0,"Female",1980,"Taiwanese","less than 1 year","more than 5 years"
"524","da3",6,0,"Female",1974,"Korean","less than 1 year","more than 5 years"
"525","da6",34,18,"Female",1976,"Spanish","less than 1 year","more than 5 years"
"526","da7",24,4,"Male",1975,"Arabic","none","1-2 years"
"527","da8",0,0,"Male",1981,"Korean","less than 1 year","none"
"528","da9",42,10,"Male",1990,"French","more than 5 years","less than 1 year"
"529","db1",0,0,"Male",NA,"Arabic","",""
"530","db2",3,0,"Male",NA,"Japanese","",""
"531","db3",0,0,"Male",1969,"Arabic","none","3-5 years"
"532","db4",66,0,"Male",NA,"Arabic","",""
"533","db5",5,3,"Male",1992,"Farsi","less than 1 year","more than 5 years"
"534","db6",40,1,"Male",1969,"Arabic","1-2 years","1-2 years"
"535","db8",24,1,"Male",1981,"Arabic","3-5 years","less than 1 year"
"536","db9",0,0,"Male",NA,"Italian","",""
"537","dc0",53,3,"Female",1983,"Chinese","none","more than 5 years"
"538","dc1",13,9,"Male",1988,"Arabic","less than 1 year","more than 5 years"
"539","dc2",3,0,"Male",NA,"Turkish","",""
"540","dc6",19,4,"Female",1973,"Spanish","less than 1 year","less than 1 year"
"541","dd1",6,4,"Male",NA,"Korean","",""
"542","dd3",61,10,"Male",1990,"Arabic","less than 1 year","1-2 years"
"543","dd4",2,2,"Female",1978,"Italian","less than 1 year","more than 5 years"
"544","dd5",2,0,"Male",NA,"Arabic","",""
"545","dd6",1,0,"Male",NA,"Arabic","",""
"546","dd9",17,8,"Male",1982,"Korean","less than 1 year","1-2 years"
"547","de1",15,1,"Male",1983,"Arabic","none","more than 5 years"
"548","de2",1,0,"Female",1979,"Japanese","more than 5 years","more than 5 years"
"549","de4",7,0,"Male",NA,"Arabic","",""
"550","de5",50,0,"Male",1974,"Turkish","more than 5 years","1-2 years"
"551","de6",5,0,"Unknown",NA,"Chinese","",""
"552","de7",4,0,"Female",NA,"Arabic","",""
"553","df0",22,2,"Female",1987,"Japanese","none","more than 5 years"
"554","df2",4,4,"Female",1983,"Arabic","less than 1 year","1-2 years"
"555","df3",21,3,"Male",1985,"Korean","less than 1 year","more than 5 years"
"556","df4",20,4,"Male",1975,"Spanish","less than 1 year","3-5 years"
"557","df6",0,0,"Female",NA,"Italian","",""
"558","df7",6,0,"Female",1989,"Japanese","none","3-5 years"
"559","df9",12,0,"Female",1979,"Korean","none","more than 5 years"
"560","dg0",8,0,"Male",1981,"Chinese","less than 1 year","3-5 years"
"561","dg2",0,0,"Female",NA,"Japanese","",""
"562","dg3",9,13,"Male",1973,"Japanese","none","more than 5 years"
"563","dg5",62,17,"Male",1983,"Arabic","less than 1 year","3-5 years"
"564","dg6",7,1,"Female",1975,"Spanish","1-2 years","1-2 years"
"565","dg7",0,2,"Female",1983,"Korean","none","more than 5 years"
"566","dg9",59,4,"Male",NA,"Arabic","",""
"567","dh0",0,0,"Male",NA,"Korean","",""
"568","dh1",4,0,"Male",1984,"Arabic","less than 1 year","more than 5 years"
"569","dh2",4,0,"Female",1989,"Chinese","less than 1 year","more than 5 years"
"570","dh6",24,4,"Male",1979,"French","less than 1 year","less than 1 year"
"571","dh7",4,0,"Male",NA,"Arabic","",""
"572","dh8",27,0,"Female",1991,"Arabic","less than 1 year","more than 5 years"
"573","dh9",27,0,"Female",1978,"Chinese","none","more than 5 years"
"574","di0",2,0,"Male",NA,"Portuguese","",""
"575","di1",9,0,"Female",1981,"Chinese","less than 1 year","more than 5 years"
"576","di2",39,1,"Male",1982,"Arabic","1-2 years","1-2 years"
"577","di3",55,0,"Male",1976,"Arabic","more than 5 years","1-2 years"
"578","di6",0,0,"Male",NA,"Chinese","",""
"579","di7",61,9,"Male",1975,"Chinese","less than 1 year","3-5 years"
"580","di8",4,1,"Male",1989,"Arabic","1-2 years","1-2 years"
"581","dj0",14,1,"Female",1985,"Korean","none","1-2 years"
"582","dj3",0,4,"Male",1911,"Russian","less than 1 year","1-2 years"
"583","dj5",0,0,"Female",NA,"Spanish","",""
"584","dj6",3,2,"Female",1986,"Korean","less than 1 year","3-5 years"
"585","dj7",7,0,"Female",NA,"Korean","",""
"586","dj8",8,0,"Male",1972,"French","less than 1 year","less than 1 year"
"587","dj9",49,4,"Male",1986,"Arabic","less than 1 year","3-5 years"
"588","dk0",2,2,"Female",1970,"Spanish","more than 5 years","3-5 years"
"589","dk3",11,0,"Female",NA,"Arabic","",""
"590","dk5",3,0,"Female",1979,"Turkish","less than 1 year","more than 5 years"
"591","dk6",20,2,"Female",1988,"Chinese","less than 1 year","more than 5 years"
"592","dk9",1,0,"Female",1987,"Chinese","less than 1 year","more than 5 years"
"593","dl1",11,0,"Male",NA,"Arabic","",""
"594","dl2",1,0,"Male",NA,"Arabic","",""
"595","dl3",8,0,"Female",NA,"Korean","",""
"596","dl5",10,0,"Male",1973,"Arabic","less than 1 year","less than 1 year"
"597","dl7",24,1,"Male",1982,"Chinese","less than 1 year","more than 5 years"
"598","dl8",0,5,"Male",1989,"Chinese","3-5 years","3-5 years"
"599","dl9",2,4,"Male",1983,"Arabic","3-5 years","more than 5 years"
"600","dm2",16,3,"Male",1983,"Chinese","1-2 years","1-2 years"
"601","dm3",4,1,"Female",NA,"Korean","",""
"602","dm4",45,2,"Female",1976,"Chinese","none","more than 5 years"
"603","dm8",38,0,"Female",1982,"Chinese","less than 1 year","more than 5 years"
"604","dn0",11,0,"Female",1990,"Chinese","less than 1 year","1-2 years"
"605","dn1",9,2,"Male",1982,"Italian","less than 1 year","less than 1 year"
"606","dn2",3,3,"Male",1988,"Arabic","1-2 years","1-2 years"
"607","dn4",28,1,"Male",1980,"Arabic","less than 1 year","less than 1 year"
"608","dn5",4,1,"Female",NA,"Arabic","",""
"609","dn6",7,4,"Male",1954,"Other","none","none"
"610","dn7",20,0,"Female",1974,"Korean","more than 5 years","more than 5 years"
"611","dn8",47,11,"Female",1978,"Thai","1-2 years","more than 5 years"
"612","do0",7,0,"Male",NA,"Arabic","",""
"613","do1",15,1,"Male",1990,"Arabic","less than 1 year","less than 1 year"
"614","do3",15,3,"Male",1988,"Arabic","3-5 years","more than 5 years"
"615","do4",0,0,"Female",1973,"Chinese","none","more than 5 years"
"616","do5",26,0,"Male",NA,"Arabic","",""
"617","do6",4,0,"Female",1974,"Russian","more than 5 years","less than 1 year"
"618","do7",26,0,"Female",NA,"Chinese","",""
"619","do9",17,6,"Female",1985,"Arabic","less than 1 year","less than 1 year"
"620","dp1",8,0,"Female",NA,"Chinese","",""
"621","dp2",2,0,"Female",1970,"Turkish","1-2 years","3-5 years"
"622","dp3",2,0,"Female",NA,"Arabic","",""
"623","dp4",2,0,"Unknown",NA,"Korean","",""
"624","dp5",35,10,"Male",1988,"Korean","less than 1 year","more than 5 years"
"625","dp7",28,5,"Male",1977,"Arabic","3-5 years","more than 5 years"
"626","dp9",19,6,"Female",1986,"Other","more than 5 years","more than 5 years"
"627","dq0",4,0,"Male",NA,"Arabic","",""
"628","dq4",2,0,"Male",1991,"Arabic","less than 1 year","more than 5 years"
"629","dq7",1,0,"Female",1988,"Arabic","3-5 years","more than 5 years"
"630","dq9",155,19,"Female",1967,"Chinese","3-5 years","3-5 years"
"631","dr0",21,0,"Male",NA,"Arabic","",""
"632","dr1",10,0,"Female",1972,"Spanish","1-2 years","3-5 years"
"633","dr2",23,1,"Male",NA,"Arabic","",""
"634","dr3",24,0,"Female",NA,"Arabic","",""
"635","dr5",17,17,"Male",1987,"Arabic","less than 1 year","more than 5 years"
"636","dr8",11,3,"Female",NA,"Korean","",""
"637","ds0",7,0,"Unknown",NA,"Chinese","",""
"638","ds2",3,0,"Male",1990,"Arabic","less than 1 year","1-2 years"
"639","ds3",2,1,"Male",1976,"Arabic","1-2 years","1-2 years"
"640","ds5",0,0,"Male",NA,"Chinese","",""
"641","ds6",6,1,"Female",1984,"Arabic","1-2 years","3-5 years"
"642","ds8",0,0,"Female",NA,"Japanese","",""
"643","ds9",4,0,"Male",NA,"Arabic","",""
"644","dt0",0,0,"Female",NA,"Korean","",""
"645","dt1",2,0,"Female",NA,"Arabic","",""
"646","dt3",12,1,"Female",1963,"Japanese","less than 1 year","more than 5 years"
"647","dt4",56,4,"Female",1980,"Chinese","1-2 years","more than 5 years"
"648","dt5",11,0,"Male",1964,"Chinese","1-2 years","more than 5 years"
"649","dt6",28,2,"Female",1982,"Taiwanese","less than 1 year","more than 5 years"
"650","dt8",16,1,"Male",1988,"Arabic","1-2 years","3-5 years"
"651","du2",1,0,"Female",1982,"Chinese","none","more than 5 years"
"652","du3",8,0,"Male",1979,"Arabic","less than 1 year","less than 1 year"
"653","du4",36,0,"Unknown",NA,"Korean","",""
"654","du5",2,0,"Male",NA,"Arabic","",""
"655","du6",4,2,"Male",1978,"Arabic","less than 1 year","3-5 years"
"656","du7",2,0,"Female",1980,"Taiwanese","less than 1 year","more than 5 years"
"657","du8",4,0,"Male",1980,"Arabic","1-2 years","3-5 years"
"658","du9",11,1,"Male",1973,"Chinese","more than 5 years","more than 5 years"
"659","dv0",8,0,"Male",NA,"Arabic","",""
"660","dv1",84,6,"Male",1981,"Arabic","none","none"
"661","dv4",4,1,"Male",1991,"Turkish","none","1-2 years"
"662","dv7",7,0,"Female",1973,"Arabic","less than 1 year","less than 1 year"
"663","dv8",14,0,"Female",NA,"Arabic","",""
"664","dv9",11,3,"Female",NA,"Korean","",""
"665","dw0",32,18,"Male",1984,"Arabic","1-2 years","1-2 years"
"666","dw2",16,1,"Female",NA,"Chinese","",""
"667","dw3",31,0,"Male",NA,"Arabic","",""
"668","dw6",5,0,"Male",1973,"Arabic","more than 5 years","less than 1 year"
"669","dw7",14,2,"Female",1976,"Japanese","none","3-5 years"
"670","dw9",0,0,"Female",1986,"Turkish","1-2 years","less than 1 year"
"671","dx1",2,1,"Unknown",NA,"Chinese","",""
"672","dx2",0,0,"Male",NA,"Arabic","",""
"673","dx3",5,1,"Male",1988,"Arabic","none","1-2 years"
"674","dx4",12,0,"Female",1987,"Turkish","1-2 years","1-2 years"
"675","dx5",40,1,"Male",NA,"Arabic","",""
"676","dx6",6,1,"Female",NA,"Chinese","",""
"677","dx7",15,7,"Male",1968,"Arabic","less than 1 year","less than 1 year"
"678","dx8",0,0,"Female",NA,"Korean","",""
"679","dx9",5,0,"Male",NA,"Arabic","",""
"680","dy0",0,0,"Female",NA,"Korean","",""
"681","dy4",2,1,"Male",NA,"Arabic","",""
"682","dy7",20,4,"Female",1978,"Korean","less than 1 year","more than 5 years"
"683","dz0",1,1,"Female",NA,"Japanese","",""
"684","dz1",7,2,"Male",1981,"Arabic","3-5 years","more than 5 years"
"685","dz3",0,0,"Male",NA,"Japanese","",""
"686","dz5",3,0,"Female",NA,"Japanese","",""
"687","dz7",1,0,"Female",1986,"Korean","none","more than 5 years"
"688","dz8",1,0,"Female",1975,"Chinese","none","more than 5 years"
"689","dz9",30,6,"Female",1977,"Japanese","less than 1 year","more than 5 years"
"690","ea0",7,5,"Unknown",NA,"Chinese","",""
"691","ea2",0,0,"Female",1976,"Other","more than 5 years","more than 5 years"
"692","ea3",11,2,"Male",1977,"Korean","none","more than 5 years"
"693","ea4",33,2,"Male",1975,"Korean","more than 5 years","more than 5 years"
"694","ea5",18,1,"Female",1979,"Taiwanese","none","more than 5 years"
"695","ea7",2,1,"Female",1974,"Spanish","less than 1 year","less than 1 year"
"696","ea9",129,9,"Male",1982,"Arabic","3-5 years","more than 5 years"
"697","eb3",1,1,"Female",NA,"Korean","",""
"698","eb4",9,0,"Female",NA,"Korean","",""
"699","eb5",5,0,"Female",NA,"Arabic","",""
"700","eb6",39,2,"Male",1992,"Chinese","less than 1 year","3-5 years"
"701","eb7",1,1,"Female",NA,"Arabic","",""
"702","eb9",6,6,"Female",1982,"Korean","none","more than 5 years"
"703","ec0",0,0,"Male",NA,"Russian","",""
"704","ec1",13,2,"Female",NA,"Korean","",""
"705","ec5",11,0,"Female",1963,"Chinese","more than 5 years","less than 1 year"
"706","ec7",2,1,"Male",NA,"Arabic","",""
"707","ec9",46,0,"Male",1972,"Korean","less than 1 year","more than 5 years"
"708","ed1",2,0,"Male",1985,"Korean","less than 1 year","more than 5 years"
"709","ed2",5,2,"Female",1984,"Turkish","1-2 years","3-5 years"
"710","ed3",22,5,"Male",1966,"Arabic","less than 1 year","less than 1 year"
"711","ed7",1,0,"Male",NA,"Arabic","",""
"712","ed8",77,2,"Female",1985,"Thai","none","more than 5 years"
"713","ee1",6,5,"Female",1983,"Thai","1-2 years","more than 5 years"
"714","ee3",12,0,"Female",1977,"Korean","1-2 years","more than 5 years"
"715","ee4",2,0,"Female",NA,"Italian","",""
"716","ee5",34,1,"Male",1980,"Arabic","3-5 years","1-2 years"
"717","ee7",4,0,"Female",1974,"Portuguese","1-2 years","1-2 years"
"718","ee8",15,0,"Male",NA,"Swahili","",""
"719","ee9",2,0,"Female",1977,"Chinese","less than 1 year","more than 5 years"
"720","ef0",15,1,"Male",1992,"Arabic","less than 1 year","more than 5 years"
"721","ef1",3,1,"Male",1981,"Korean","less than 1 year","less than 1 year"
"722","ef2",18,0,"Male",1964,"Chinese","1-2 years","more than 5 years"
"723","ef3",20,14,"Female",1970,"Arabic","less than 1 year","less than 1 year"
"724","ef4",0,2,"Female",1988,"Korean","less than 1 year","3-5 years"
"725","ef6",74,5,"Male",1982,"Arabic","more than 5 years","3-5 years"
"726","ef9",16,1,"Male",NA,"Arabic","",""
"727","eg2",40,0,"Male",1992,"Arabic","less than 1 year","more than 5 years"
"728","eg3",0,0,"Unknown",NA,"Chinese","",""
"729","eg4",0,0,"Male",NA,"Korean","",""
"730","eg5",1,2,"Female",1988,"Korean","none","less than 1 year"
"731","eg8",3,0,"Female",1964,"Chinese","more than 5 years","more than 5 years"
"732","eh0",51,2,"Male",1977,"Arabic","less than 1 year","less than 1 year"
"733","eh2",0,4,"Male",NA,"Spanish","",""
"734","eh4",47,4,"Male",1974,"Arabic","less than 1 year","more than 5 years"
"735","eh6",0,0,"Female",NA,"Turkish","",""
"736","eh7",5,1,"Unknown",NA,"Korean","",""
"737","eh8",15,5,"Male",1985,"Arabic","less than 1 year","more than 5 years"
"738","eh9",0,0,"Male",1981,"Korean","less than 1 year","more than 5 years"
"739","ei0",14,1,"Male",1989,"Arabic","1-2 years","3-5 years"
"740","ei2",26,0,"Female",1980,"Chinese","less than 1 year","more than 5 years"
"741","ei3",2,0,"Male",1981,"Thai","less than 1 year","more than 5 years"
"742","ei5",6,0,"Male",NA,"Arabic","",""
"743","ei7",1,0,"Male",1983,"Korean","none","less than 1 year"
"744","ei8",9,9,"Female",1963,"Chinese","1-2 years","1-2 years"
"745","ej0",0,0,"Male",NA,"Arabic","",""
"746","ej1",1,1,"Unknown",NA,"Chinese","",""
"747","ej2",10,4,"Female",1976,"Other","less than 1 year","3-5 years"
"748","ej5",14,2,"Female",1982,"Arabic","1-2 years","more than 5 years"
"749","ej8",5,0,"Male",NA,"Arabic","",""
"750","ej9",3,0,"Female",1987,"Arabic","less than 1 year","3-5 years"
"751","ek1",15,0,"Male",NA,"Arabic","",""
"752","ek3",5,0,"Female",NA,"German","",""
"753","ek5",10,0,"Male",1987,"Thai","more than 5 years","more than 5 years"
"754","ek6",33,13,"Male",1973,"Arabic","1-2 years","1-2 years"
"755","ek7",3,0,"Unknown",NA,"Chinese","",""
"756","ek8",0,0,"Female",1972,"Korean","3-5 years","more than 5 years"
"757","el0",21,5,"Male",1977,"Arabic","3-5 years","less than 1 year"
"758","el2",26,6,"Male",1970,"Arabic","none","less than 1 year"
"759","el3",0,0,"Male",NA,"Korean","",""
"760","el5",2,2,"Male",NA,"Japanese","",""
"761","el7",12,6,"Female",1986,"Other","less than 1 year","3-5 years"
"762","el8",12,0,"Female",NA,"Hebrew","",""
"763","el9",4,0,"Female",1984,"Chinese","1-2 years","1-2 years"
"764","em0",1,1,"Female",1975,"Turkish","none","1-2 years"
"765","em1",6,1,"Female",1979,"Chinese","less than 1 year","3-5 years"
"766","em5",7,0,"Female",1982,"Arabic","none","more than 5 years"
"767","em6",0,0,"Female",NA,"Chinese","",""
"768","em7",8,0,"Male",1981,"Turkish","less than 1 year","less than 1 year"
"769","em8",4,0,"Female",1983,"Portuguese","less than 1 year","less than 1 year"
"770","en1",8,0,"Male",1970,"Spanish","less than 1 year","3-5 years"
"771","en2",4,0,"Female",1981,"Korean","3-5 years","more than 5 years"
"772","en3",4,0,"Female",1980,"Spanish","less than 1 year","more than 5 years"
"773","en4",23,2,"Male",1978,"Arabic","1-2 years","1-2 years"
"774","en8",0,0,"Female",NA,"Arabic","",""
"775","en9",4,2,"Female",NA,"Hebrew","",""
"776","eo1",16,1,"Unknown",NA,"Chinese","",""
"777","eo2",7,1,"Female",1979,"Korean","less than 1 year","more than 5 years"
"778","eo5",13,2,"Female",1982,"Arabic","less than 1 year","3-5 years"
"779","eo8",2,0,"Female",1979,"Spanish","none","less than 1 year"
"780","ep1",3,1,"Female",1977,"Portuguese","less than 1 year","less than 1 year"
"781","ep2",6,1,"Female",1987,"French","none","3-5 years"
"782","ep4",88,1,"Female",NA,"Thai","",""
"783","ep6",1,0,"Female",NA,"Korean","",""
"784","eq0",28,5,"Male",1981,"Arabic","less than 1 year","more than 5 years"
"785","eq1",2,2,"Male",1984,"Arabic","none","more than 5 years"
"786","eq2",5,0,"Male",1990,"Arabic","less than 1 year","more than 5 years"
"787","eq4",9,0,"Female",1979,"Chinese","3-5 years","3-5 years"
"788","eq6",0,0,"Male",NA,"Korean","",""
"789","eq8",18,29,"Male",1982,"Korean","less than 1 year","3-5 years"
"790","er2",11,0,"Male",NA,"Arabic","",""
"791","er3",23,1,"Female",1983,"Chinese","less than 1 year","more than 5 years"
"792","er4",7,0,"Male",1988,"Arabic","less than 1 year","3-5 years"
"793","er5",2,0,"Female",NA,"Spanish","",""
"794","er9",6,4,"Female",1987,"Turkish","1-2 years","1-2 years"
"795","es0",29,10,"Male",1987,"Korean","less than 1 year","more than 5 years"
"796","es2",6,0,"Male",NA,"Arabic","",""
"797","es4",44,3,"Female",1985,"Chinese","3-5 years","3-5 years"
"798","es5",0,0,"Male",NA,"Arabic","",""
"799","es6",1,7,"Female",NA,"Spanish","",""
"800","es7",8,5,"Female",1976,"Portuguese","3-5 years","3-5 years"
"801","es9",76,11,"Female",1987,"Korean","none","3-5 years"
"802","et0",12,1,"Male",1990,"Arabic","none","less than 1 year"
"803","et1",17,1,"Male",1981,"Korean","less than 1 year","more than 5 years"
"804","et3",21,6,"Female",1986,"Korean","less than 1 year","more than 5 years"
"805","et4",39,3,"Female",1985,"Chinese","less than 1 year","more than 5 years"
"806","et5",50,2,"Male",1983,"Arabic","3-5 years","3-5 years"
"807","et6",2,0,"Female",1986,"Korean","less than 1 year","more than 5 years"
"808","et8",36,9,"Male",1977,"Arabic","more than 5 years","less than 1 year"
"809","eu0",35,1,"Male",1981,"Thai","less than 1 year","more than 5 years"
"810","eu1",0,1,"Male",NA,"Spanish","",""
"811","eu2",2,0,"Male",NA,"Chinese","",""
"812","eu5",7,0,"Male",NA,"Chinese","",""
"813","eu6",0,0,"Male",1979,"Korean","less than 1 year","more than 5 years"
"814","eu7",2,0,"Male",NA,"Arabic","",""
"815","eu8",0,2,"Female",1975,"Russian","less than 1 year","more than 5 years"
"816","eu9",0,3,"Female",1989,"Spanish","1-2 years","more than 5 years"
"817","ev0",0,1,"Female",1974,"Korean","less than 1 year","more than 5 years"
"818","ev4",11,0,"Male",1985,"Arabic","less than 1 year","less than 1 year"
"819","ev5",3,1,"Unknown",NA,"Chinese","",""
"820","ev6",16,5,"Female",1987,"Chinese","none","more than 5 years"
"821","ev7",23,5,"Female",1977,"Mongol","3-5 years","3-5 years"
"822","ev9",16,5,"Male",1980,"Chinese","less than 1 year","1-2 years"
"823","ew2",3,0,"Male",1968,"Arabic","1-2 years","1-2 years"
"824","ew4",3,2,"Male",NA,"Japanese","",""
"825","ew6",9,0,"Unknown",NA,"Chinese","",""
"826","ew7",11,0,"Male",1986,"Arabic","less than 1 year","more than 5 years"
"827","ew8",1,0,"Male",NA,"Arabic","",""
"828","ew9",3,1,"Male",NA,"Arabic","",""
"829","ex0",0,1,"Female",NA,"Korean","",""
"830","ex3",16,0,"Male",1980,"Korean","none","1-2 years"
"831","ex6",1,0,"Female",1973,"Hebrew","3-5 years","less than 1 year"
"832","ex7",2,0,"Male",1987,"Portuguese","none","1-2 years"
"833","ex9",17,2,"Male",1972,"Arabic","less than 1 year","less than 1 year"
"834","ey0",2,0,"Male",1992,"Chinese","less than 1 year","3-5 years"
"835","ey2",11,11,"Female",1980,"Japanese","less than 1 year","more than 5 years"
"836","ey3",5,1,"Female",NA,"Korean","",""
"837","ey4",1,0,"Male",1986,"Arabic","more than 5 years","more than 5 years"
"838","ey8",4,0,"Male",1981,"Chinese","less than 1 year","more than 5 years"
"839","ey9",3,0,"Female",NA,"Turkish","",""
"840","ez2",8,0,"Female",NA,"Korean","",""
"841","ez3",19,2,"Male",NA,"Arabic","",""
"842","ez5",24,0,"Male",1991,"Arabic","less than 1 year","more than 5 years"
"843","ez6",12,3,"Female",1977,"Arabic","none","more than 5 years"
"844","ez7",0,0,"Male",1987,"English","none","1-2 years"
"845","ez8",3,2,"Male",NA,"Japanese","",""
"846","fa0",3,1,"Male",1978,"Korean","none","3-5 years"
"847","fa2",22,14,"Female",1983,"Spanish","less than 1 year","less than 1 year"
"848","fa4",14,0,"Male",NA,"Arabic","",""
"849","fa5",2,0,"Male",NA,"Korean","",""
"850","fa6",1,0,"Male",1979,"Arabic","more than 5 years","more than 5 years"
"851","fa9",19,5,"Male",1989,"Mongol","none","3-5 years"
"852","fb1",31,0,"Female",NA,"Hebrew","",""
"853","fb3",15,2,"Male",1981,"Arabic","1-2 years","less than 1 year"
"854","fb4",14,4,"Female",1975,"Korean","1-2 years","more than 5 years"
"855","fb5",1,3,"Female",NA,"Arabic","",""
"856","fb8",6,0,"Unknown",NA,"Arabic","",""
"857","fb9",1,0,"Male",NA,"Korean","",""
"858","fc0",2,0,"Male",1986,"Arabic","none","3-5 years"
"859","fc1",3,0,"Male",1962,"Chinese","less than 1 year","more than 5 years"
"860","fc5",12,0,"Unknown",NA,"Indonesian","",""
"861","fc7",1,0,"Female",1990,"Korean","none","more than 5 years"
"862","fc9",3,3,"Female",1985,"Korean","less than 1 year","1-2 years"
"863","fd1",11,0,"Male",NA,"Chinese","",""
"864","fd2",2,0,"Male",1981,"Arabic","less than 1 year","more than 5 years"
"865","fd3",6,5,"Male",NA,"Arabic","",""
"866","fd6",18,2,"Female",1986,"Korean","more than 5 years","more than 5 years"
"867","fd7",2,0,"Male",NA,"Italian","",""
"868","fd8",16,1,"Male",1989,"Turkish","1-2 years","1-2 years"
"869","fe0",8,0,"Male",1974,"Other","more than 5 years","less than 1 year"
"870","fe1",8,0,"Male",NA,"Arabic","",""
"871","fe2",25,5,"Male",NA,"Arabic","",""
"872","fe3",15,0,"Female",1979,"Portuguese","less than 1 year","1-2 years"
"873","fe4",6,2,"Male",1991,"Arabic","1-2 years","less than 1 year"
"874","fe5",106,4,"Male",1987,"Arabic","less than 1 year","more than 5 years"
"875","fe7",5,4,"Female",1981,"Spanish","1-2 years","1-2 years"
"876","fe9",4,0,"Male",NA,"Arabic","",""
"877","ff0",16,3,"Female",NA,"Azerbaijani","",""
"878","ff1",44,1,"Female",1987,"Korean","less than 1 year","more than 5 years"
"879","ff2",125,15,"Female",1988,"Chinese","less than 1 year","less than 1 year"
"880","ff3",19,2,"Male",1983,"Portuguese","less than 1 year","less than 1 year"
"881","ff4",95,1,"Male",1979,"French","less than 1 year","1-2 years"
"882","ff6",6,0,"Male",NA,"Chinese","",""
"883","fg0",14,6,"Male",1985,"Arabic","less than 1 year","more than 5 years"
"884","fg2",7,0,"Female",1978,"Japanese","none","more than 5 years"
"885","fg7",0,2,"Female",NA,"Spanish","",""
"886","fg8",104,2,"Female",1978,"Chinese","less than 1 year","more than 5 years"
"887","fg9",47,16,"Male",1980,"Arabic","3-5 years","3-5 years"
"888","fh1",10,4,"Male",1989,"Arabic","none","3-5 years"
"889","fh2",19,1,"Male",NA,"Arabic","",""
"890","fh4",10,4,"Female",1976,"German","none","more than 5 years"
"891","fh5",6,2,"Male",1984,"Arabic","more than 5 years","more than 5 years"
"892","fh7",12,2,"Female",1987,"Korean","1-2 years","1-2 years"
"893","fh9",37,4,"Female",1971,"Japanese","less than 1 year","more than 5 years"
"894","fi1",37,1,"Female",1986,"Chinese","none","more than 5 years"
"895","fi4",2,0,"Female",1985,"Korean","none","more than 5 years"
"896","fi5",32,2,"Female",1977,"Korean","1-2 years","more than 5 years"
"897","fi6",15,0,"Male",NA,"Chinese","",""
"898","fj0",1,9,"Female",NA,"Spanish","",""
"899","fj2",50,6,"Unknown",NA,"Arabic","",""
"900","fj4",35,0,"Female",1978,"Chinese","1-2 years","more than 5 years"
"901","fj7",8,1,"Male",1981,"Korean","less than 1 year","more than 5 years"
"902","fj8",13,1,"Male",NA,"Arabic","",""
"903","fj9",2,0,"Unknown",NA,"Arabic","",""
"904","fk0",4,1,"Male",NA,"Arabic","",""
"905","fk1",1,0,"Male",1984,"Korean","less than 1 year","3-5 years"
"906","fk2",30,2,"Unknown",NA,"Chinese","",""
"907","fk3",18,4,"Male",1972,"Chinese","1-2 years","more than 5 years"
"908","fk5",6,0,"Male",1958,"Korean","less than 1 year","less than 1 year"
"909","fk7",7,0,"Female",1978,"Chinese","less than 1 year","more than 5 years"
"910","fk8",26,3,"Female",1982,"Chinese","3-5 years","more than 5 years"
"911","fk9",3,0,"Male",1970,"Chinese","less than 1 year","more than 5 years"
"912","fl0",6,1,"Male",1977,"Korean","none","more than 5 years"
"913","fl4",22,4,"Male",1983,"Korean","less than 1 year","more than 5 years"
"914","fl5",42,10,"Male",1982,"Korean","none","3-5 years"
"915","fl6",2,10,"Male",1989,"Arabic","less than 1 year","less than 1 year"
"916","fm1",7,4,"Male",1987,"Arabic","less than 1 year","more than 5 years"
"917","fm2",75,6,"Female",1984,"Chinese","more than 5 years","more than 5 years"
"918","fm3",0,0,"Unknown",NA,"Arabic","",""
"919","fm4",2,0,"Male",1983,"Arabic","1-2 years","1-2 years"
"920","fm5",10,1,"Male",1991,"Arabic","less than 1 year","more than 5 years"
"921","fm6",1,0,"Male",1981,"Chinese","none","3-5 years"
"922","fm9",11,1,"Male",1985,"Arabic","1-2 years","less than 1 year"
"923","fn0",4,2,"Female",1988,"Arabic","less than 1 year","3-5 years"
"924","fn1",3,2,"Female",1990,"Spanish","less than 1 year","3-5 years"
"925","fn2",1,0,"Female",1970,"Korean","none","more than 5 years"
"926","fn5",10,0,"Male",1989,"Arabic","1-2 years","1-2 years"
"927","fn8",24,2,"Male",1977,"Chinese","3-5 years","more than 5 years"
"928","fo0",25,8,"Male",1977,"Arabic","less than 1 year","less than 1 year"
"929","fo1",12,0,"Female",NA,"Arabic","",""
"930","fo2",10,0,"Female",1984,"Chinese","less than 1 year","3-5 years"
"931","fo3",1,2,"Male",NA,"Korean","",""
"932","fo4",31,4,"Female",1979,"Chinese","1-2 years","more than 5 years"
"933","fo5",23,14,"Male",1989,"Swedish","less than 1 year","3-5 years"
"934","fo7",15,1,"Male",NA,"Arabic","",""
"935","fo8",11,4,"Female",1972,"Chinese","none","more than 5 years"
"936","fp1",33,2,"Male",1989,"Arabic","none","1-2 years"
"937","fp2",1,0,"Female",1982,"Korean","less than 1 year","more than 5 years"
"938","fp4",1,1,"Male",NA,"Arabic","",""
"939","fp5",18,5,"Male",1977,"Korean","none","1-2 years"
"940","fp6",3,2,"Male",1975,"Turkish","3-5 years","less than 1 year"
"941","fp7",0,0,"Female",NA,"Turkish","",""
"942","fp9",44,9,"Male",1981,"Korean","less than 1 year","1-2 years"
"943","fq0",7,0,"Male",1977,"Arabic","none","3-5 years"
"944","fq1",92,4,"Female",1980,"Hebrew","1-2 years","more than 5 years"
"945","fq5",1,1,"Male",NA,"Chinese","",""
"946","fq6",4,0,"Male",NA,"Chinese","",""
"947","fq8",1,0,"Female",1963,"Japanese","more than 5 years","more than 5 years"
"948","fr0",9,4,"Male",1986,"Arabic","less than 1 year","3-5 years"
"949","fr1",16,4,"Female",1985,"Turkish","1-2 years","1-2 years"
"950","fr2",6,1,"Female",1979,"Korean","less than 1 year","more than 5 years"
"951","fr4",1,2,"Female",NA,"Chinese","",""
"952","fr5",18,0,"Male",NA,"Arabic","",""
"953","fr6",0,0,"Male",NA,"Arabic","",""
"954","fr9",3,2,"Male",1978,"Arabic","more than 5 years","more than 5 years"
"955","fs0",1,0,"Male",1986,"Korean","less than 1 year","less than 1 year"
"956","fs1",16,0,"Male",NA,"Arabic","",""
"957","fs3",5,0,"Male",1984,"Arabic","less than 1 year","more than 5 years"
"958","fs4",13,0,"Male",1982,"Spanish","none","3-5 years"
"959","fs5",2,3,"Female",NA,"Azerbaijani","",""
"960","fs6",24,0,"Male",1985,"Arabic","1-2 years","more than 5 years"
"961","fs9",3,0,"Male",NA,"Arabic","",""
"962","ft0",5,0,"Male",NA,"Arabic","",""
"963","ft2",44,2,"Female",1981,"Korean","none","1-2 years"
"964","ft6",3,0,"Female",NA,"Korean","",""
"965","ft8",10,0,"Male",1985,"Japanese","none","more than 5 years"
"966","ft9",32,7,"Male",1989,"Arabic","1-2 years","more than 5 years"
"967","fu0",1,1,"Male",1975,"Japanese","none","less than 1 year"
"968","fu1",19,8,"Male",1985,"Turkish","less than 1 year","1-2 years"
"969","fu2",1,1,"Male",NA,"Japanese","",""
"970","fu3",10,7,"Female",1983,"Chinese","less than 1 year","more than 5 years"
"971","fu4",5,0,"Male",NA,"Arabic","",""
"972","fu5",17,0,"Male",1990,"Chinese","less than 1 year","more than 5 years"
"973","fu6",56,20,"Male",1979,"Korean","none","more than 5 years"
"974","fu7",8,0,"Male",NA,"Arabic","",""
"975","fu8",10,0,"Male",NA,"Turkish","",""
"976","fv1",25,0,"Male",NA,"Arabic","",""
"977","fv4",12,0,"Male",1978,"Arabic","none","more than 5 years"
"978","fv6",4,3,"Male",1981,"French","none","more than 5 years"
"979","fv7",64,2,"Female",1984,"Korean","less than 1 year","3-5 years"
"980","fv8",2,0,"Female",1981,"Arabic","3-5 years","more than 5 years"
"981","fv9",0,2,"Female",NA,"Korean","",""
"982","fw1",22,24,"Female",1943,"Japanese","1-2 years","more than 5 years"
"983","fw3",3,0,"Female",1981,"Thai","less than 1 year","more than 5 years"
"984","fw4",10,0,"Male",NA,"Arabic","",""
"985","fw5",0,3,"Unknown",NA,"Arabic","",""
"986","fw7",18,1,"Female",1983,"Chinese","less than 1 year","more than 5 years"
"987","fw9",28,3,"Male",1983,"Other","none","more than 5 years"
"988","fx2",15,7,"Male",1985,"Turkish","less than 1 year","none"
"989","fx4",38,2,"Female",1989,"Korean","less than 1 year","more than 5 years"
"990","fx7",10,7,"Female",1989,"Spanish","3-5 years","3-5 years"
"991","fx8",5,0,"Male",1982,"Arabic","more than 5 years","more than 5 years"
"992","fx9",30,14,"Female",1968,"Japanese","less than 1 year","more than 5 years"
"993","fy0",34,4,"Male",1983,"Arabic","less than 1 year","less than 1 year"
"994","fy1",8,2,"Female",1979,"Spanish","none","more than 5 years"
"995","fy2",5,0,"Unknown",NA,"Chinese","",""
"996","fy3",6,2,"Male",1989,"Chinese","less than 1 year","more than 5 years"
"997","fy5",68,13,"Female",1989,"Korean","1-2 years","more than 5 years"
"998","fy6",14,0,"Female",1992,"Spanish","none","more than 5 years"
"999","fy8",1,0,"Female",1982,"Arabic","less than 1 year","more than 5 years"
"1000","fz0",0,0,"Male",1985,"Arabic","1-2 years","1-2 years"
"1001","fz1",8,0,"Unknown",NA,"Farsi","",""
"1002","fz2",17,1,"Female",NA,"Japanese","",""
"1003","fz3",2,0,"Female",1983,"Arabic","1-2 years","3-5 years"
"1004","fz5",7,4,"Female",1981,"Chinese","more than 5 years","more than 5 years"
"1005","fz7",2,0,"Female",1981,"Arabic","less than 1 year","3-5 years"
"1006","fz8",1,1,"Female",1984,"Korean","more than 5 years","more than 5 years"
"1007","fz9",11,0,"Female",1973,"Korean","less than 1 year","more than 5 years"
"1008","ga1",11,4,"Female",NA,"Korean","",""
"1009","ga3",28,3,"Female",1976,"Chinese","less than 1 year","3-5 years"
"1010","ga5",28,5,"Female",1987,"Japanese","less than 1 year","more than 5 years"
"1011","ga6",15,3,"Male",NA,"Arabic","",""
"1012","ga9",14,1,"Female",1985,"Arabic","1-2 years","3-5 years"
"1013","gb0",3,0,"Male",1987,"Korean","less than 1 year","more than 5 years"
"1014","gb1",15,3,"Male",1967,"Other","1-2 years","1-2 years"
"1015","gb3",3,1,"Male",NA,"Arabic","",""
"1016","gb4",58,4,"Female",1977,"Chinese","none","more than 5 years"
"1017","gb6",81,5,"Female",1985,"Taiwanese","1-2 years","3-5 years"
"1018","gb7",12,3,"Male",1978,"Korean","more than 5 years","more than 5 years"
"1019","gb9",3,1,"Female",1987,"Korean","less than 1 year","more than 5 years"
"1020","gc0",78,1,"Male",1990,"Arabic","less than 1 year","less than 1 year"
"1021","gc2",36,2,"Female",1986,"Korean","less than 1 year","more than 5 years"
"1022","gc3",21,8,"Female",1985,"Spanish","less than 1 year","more than 5 years"
"1023","gc5",36,6,"Male",1975,"Turkish","less than 1 year","1-2 years"
"1024","gc7",57,0,"Male",NA,"Chinese","",""
"1025","gd1",3,1,"Male",1985,"Korean","1-2 years","3-5 years"
"1026","gd7",26,3,"Male",1984,"Arabic","less than 1 year","less than 1 year"
"1027","gd8",9,2,"Female",NA,"Arabic","",""
"1028","ge1",10,2,"Female",1983,"Arabic","1-2 years","1-2 years"
"1029","ge3",1,0,"Female",1972,"Chinese","less than 1 year","more than 5 years"
"1030","ge5",3,1,"Male",1986,"Spanish","none","3-5 years"
"1031","ge6",7,0,"Female",NA,"Korean","",""
"1032","ge7",7,0,"Male",1980,"Arabic","1-2 years","more than 5 years"
"1033","ge8",5,0,"Female",NA,"Arabic","",""
"1034","ge9",12,2,"Male",NA,"Korean","",""
"1035","gf0",11,0,"Male",NA,"Arabic","",""
"1036","gf2",0,1,"Unknown",NA,"Chinese","",""
"1037","gf5",6,0,"Female",1981,"Chinese","less than 1 year","more than 5 years"
"1038","gf6",0,0,"Male",NA,"Arabic","",""
"1039","gf7",32,11,"Female",1986,"Arabic","less than 1 year","more than 5 years"
"1040","gf9",0,3,"Unknown",NA,"Arabic","",""
"1041","gg0",1,0,"Male",NA,"Arabic","",""
"1042","gg1",14,1,"Male",1984,"Turkish","less than 1 year","3-5 years"
"1043","gg2",7,1,"Female",1973,"Korean","less than 1 year","less than 1 year"
"1044","gg4",14,0,"Female",NA,"Chinese","",""
"1045","gg5",14,3,"Male",1975,"Mongol","less than 1 year","1-2 years"
"1046","gg6",8,3,"Male",NA,"Korean","",""
"1047","gg7",10,1,"Unknown",NA,"Arabic","",""
"1048","gh0",0,0,"Female",NA,"Chinese","",""
"1049","gh1",14,5,"Female",1976,"Japanese","less than 1 year","more than 5 years"
"1050","gh3",9,2,"Male",NA,"Arabic","",""
"1051","gh4",15,0,"Male",1974,"Arabic","less than 1 year","1-2 years"
"1052","gh6",12,5,"Female",1987,"Korean","less than 1 year","more than 5 years"
"1053","gh8",10,3,"Female",1985,"Arabic","1-2 years","more than 5 years"
"1054","gh9",34,0,"Female",NA,"Japanese","",""
"1055","gi1",27,2,"Male",1986,"Arabic","less than 1 year","1-2 years"
"1056","gi2",2,0,"Female",NA,"Chinese","",""
"1057","gi4",30,0,"Unknown",NA,"Chinese","",""
"1058","gi7",1,0,"Female",NA,"Russian","",""
"1059","gj0",1,6,"Female",NA,"Korean","",""
"1060","gj1",0,0,"Female",NA,"Korean","",""
"1061","gj2",10,7,"Male",1984,"Arabic","3-5 years","less than 1 year"
"1062","gj4",13,0,"Male",1987,"Arabic","less than 1 year","more than 5 years"
"1063","gj5",7,0,"Male",NA,"Japanese","",""
"1064","gj8",0,0,"Female",1985,"Arabic","none","1-2 years"
"1065","gk0",20,1,"Male",NA,"Spanish","",""
"1066","gk3",10,20,"Male",1980,"Turkish","less than 1 year","more than 5 years"
"1067","gk4",42,3,"Male",1991,"Arabic","none","more than 5 years"
"1068","gk5",15,1,"Male",1979,"Korean","none","more than 5 years"
"1069","gk7",0,0,"Female",NA,"Turkish","",""
"1070","gk8",0,0,"Female",NA,"Arabic","",""
"1071","gl1",11,1,"Male",1970,"Korean","less than 1 year","3-5 years"
"1072","gl2",27,4,"Female",1984,"Chinese","none","more than 5 years"
"1073","gl4",6,7,"Male",1967,"Korean","1-2 years","less than 1 year"
"1074","gl6",84,9,"Male",1984,"Arabic","1-2 years","3-5 years"
"1075","gl7",6,2,"Female",1982,"Arabic","3-5 years","more than 5 years"
"1076","gl9",19,1,"Female",1974,"Japanese","more than 5 years","more than 5 years"
"1077","gm1",22,2,"Female",1987,"Chinese","none","more than 5 years"
"1078","gm4",0,0,"Male",NA,"Korean","",""
"1079","gm5",9,1,"Male",1972,"Arabic","less than 1 year","1-2 years"
"1080","gm7",2,2,"Female",1972,"Arabic","less than 1 year","1-2 years"
"1081","gm8",1,0,"Male",1980,"Arabic","none","more than 5 years"
"1082","gn0",10,0,"Female",1978,"Korean","less than 1 year","more than 5 years"
"1083","gn5",4,0,"Female",1979,"Chinese","less than 1 year","more than 5 years"
"1084","go0",16,1,"Male",1973,"Arabic","less than 1 year","less than 1 year"
"1085","go2",2,0,"Female",1984,"Arabic","none","more than 5 years"
"1086","go3",12,0,"Unknown",NA,"Chinese","",""
"1087","go4",18,3,"Male",1983,"Arabic","1-2 years","1-2 years"
"1088","go7",2,0,"Unknown",NA,"Chinese","",""
"1089","go8",4,0,"Male",1983,"Chinese","1-2 years","more than 5 years"
"1090","go9",13,12,"Female",1982,"Portuguese","less than 1 year","less than 1 year"
"1091","gp0",4,1,"Female",NA,"Arabic","",""
"1092","gp1",1,2,"Male",1979,"Korean","less than 1 year","3-5 years"
"1093","gp2",18,6,"Male",1980,"Arabic","1-2 years","3-5 years"
"1094","gp3",5,4,"Female",NA,"Chinese","",""
"1095","gp4",3,4,"Male",1986,"Arabic","less than 1 year","more than 5 years"
"1096","gp6",0,0,"Unknown",NA,"Chinese","",""
"1097","gp7",8,0,"Male",NA,"Arabic","",""
"1098","gp8",25,1,"Male",1974,"Chinese","1-2 years","more than 5 years"
"1099","gp9",2,0,"Male",1991,"Korean","none","more than 5 years"
"1100","gq0",9,2,"Female",1985,"Chinese","less than 1 year","more than 5 years"
"1101","gq1",11,3,"Male",1982,"Turkish","3-5 years","more than 5 years"
"1102","gq2",1,0,"Male",1977,"Arabic","3-5 years","more than 5 years"
"1103","gq4",15,2,"Female",1983,"Spanish","less than 1 year","more than 5 years"
"1104","gq8",4,1,"Female",1990,"Korean","less than 1 year","more than 5 years"
"1105","gr0",0,0,"Female",NA,"Korean","",""
"1106","gr4",0,0,"Male",1991,"Chinese","less than 1 year","more than 5 years"
"1107","gr8",1,1,"Male",1988,"Arabic","more than 5 years","more than 5 years"
"1108","gr9",2,0,"Female",1977,"Thai","3-5 years","less than 1 year"
"1109","gs0",5,1,"Male",1987,"Arabic","less than 1 year","more than 5 years"
"1110","gs2",17,3,"Female",NA,"Japanese","",""
"1111","gs3",5,0,"Female",1980,"Korean","less than 1 year","more than 5 years"
"1112","gs5",24,0,"Female",1972,"Korean","",""
"1113","gs6",6,0,"Female",1979,"Spanish","1-2 years","3-5 years"
"1114","gs8",27,0,"Male",1986,"Arabic","3-5 years","more than 5 years"
"1115","gs9",1,1,"Female",1984,"Korean","less than 1 year","more than 5 years"
"1116","gt0",9,0,"Male",1983,"Chinese","less than 1 year","more than 5 years"
"1117","gt1",17,0,"Male",1978,"Arabic","less than 1 year","3-5 years"
"1118","gt3",1,0,"Male",1984,"Arabic","less than 1 year","more than 5 years"
"1119","gt4",3,0,"Female",NA,"Thai","",""
"1120","gt6",9,5,"Male",NA,"Arabic","",""
"1121","gt7",0,0,"Female",1973,"Korean","1-2 years","more than 5 years"
"1122","gt8",0,0,"Male",1984,"Arabic","less than 1 year","less than 1 year"
"1123","gt9",9,0,"Female",1974,"Chinese","more than 5 years","more than 5 years"
"1124","gu0",15,10,"Male",1985,"Korean","none","more than 5 years"
"1125","gu1",3,0,"Male",1971,"Spanish","1-2 years","less than 1 year"
"1126","gu2",4,1,"Male",NA,"Arabic","",""
"1127","gu3",3,0,"Male",NA,"Japanese","",""
"1128","gu4",0,0,"Male",1983,"Arabic","1-2 years","1-2 years"
"1129","gu5",6,0,"Male",NA,"Chinese","",""
"1130","gu6",0,0,"Female",NA,"Arabic","",""
"1131","gu7",8,4,"Female",1977,"Thai","more than 5 years","more than 5 years"
"1132","gu9",0,0,"Male",NA,"Spanish","",""
"1133","gv1",41,3,"Male",1981,"Korean","none","more than 5 years"
"1134","gv3",35,0,"Female",1980,"Chinese","less than 1 year","more than 5 years"
"1135","gv7",47,4,"Male",1968,"Korean","3-5 years","more than 5 years"
"1136","gv8",5,0,"Male",NA,"Arabic","",""
"1137","gv9",3,0,"Male",NA,"Arabic","",""
"1138","gw0",17,1,"Female",1973,"Chinese","3-5 years","more than 5 years"
"1139","gw1",31,2,"Male",1986,"Arabic","3-5 years","1-2 years"
"1140","gw2",0,0,"Male",NA,"Arabic","",""
"1141","gw3",14,0,"Female",1984,"Other","more than 5 years","more than 5 years"
"1142","gw4",5,0,"Female",1975,"Arabic","more than 5 years","3-5 years"
"1143","gw5",6,2,"Unknown",NA,"Chinese","",""
"1144","gw7",10,4,"Female",NA,"Arabic","",""
"1145","gw8",0,0,"Unknown",NA,"Chinese","",""
"1146","gx0",9,3,"Male",1988,"Spanish","less than 1 year","3-5 years"
"1147","gx1",23,2,"Male",NA,"Arabic","",""
"1148","gx2",56,8,"Female",1975,"Japanese","more than 5 years","more than 5 years"
"1149","gx5",12,0,"Female",NA,"Chinese","",""
"1150","gx6",2,0,"Female",NA,"Portuguese","",""
"1151","gx8",51,1,"Male",1981,"Arabic","more than 5 years","1-2 years"
"1152","gy1",54,2,"Male",1982,"Thai","less than 1 year","1-2 years"
"1153","gy3",2,0,"Male",1970,"Chinese","less than 1 year","1-2 years"
"1154","gy7",11,0,"Female",NA,"Arabic","",""
"1155","gy9",0,1,"Female",NA,"Farsi","",""
"1156","gz0",11,1,"Female",1988,"Korean","none","more than 5 years"
"1157","gz1",1,0,"Male",NA,"Korean","",""
"1158","gz2",53,1,"Male",1985,"Korean","none","more than 5 years"
"1159","gz4",5,0,"Male",1982,"Arabic","none","more than 5 years"
"1160","gz5",26,0,"Female",1990,"Chinese","none","more than 5 years"
"1161","gz7",0,0,"Male",NA,"Korean","",""
"1162","ha0",2,0,"Male",1980,"Korean","less than 1 year","more than 5 years"
"1163","ha1",3,0,"Male",NA,"Arabic","",""
"1164","ha2",59,3,"Female",1979,"Korean","none","more than 5 years"
"1165","ha3",3,2,"Male",NA,"Arabic","",""
"1166","ha6",30,13,"Male",1982,"Korean","none","1-2 years"
"1167","ha7",2,0,"Male",NA,"Arabic","",""
"1168","ha9",2,2,"Male",1975,"Turkish","none","less than 1 year"
"1169","hb0",11,3,"Female",1980,"Arabic","3-5 years","3-5 years"
"1170","hb2",12,3,"Female",1973,"Japanese","more than 5 years","more than 5 years"
"1171","hb4",62,3,"Female",1985,"Korean","less than 1 year","more than 5 years"
"1172","hb6",9,0,"Male",NA,"French","",""
"1173","hb7",0,0,"Female",1975,"Japanese","3-5 years","more than 5 years"
"1174","hb8",14,1,"Male",1982,"Arabic","less than 1 year","less than 1 year"
"1175","hb9",10,1,"Male",1986,"Arabic","3-5 years","more than 5 years"
"1176","hc0",55,3,"Male",1984,"Taiwanese","less than 1 year","3-5 years"
"1177","hc1",2,0,"Female",1984,"Korean","less than 1 year","1-2 years"
